{
	"class_name" : "PinholeCameraParameters",
	"extrinsic" : 
	[
		0.87856756437659989,
		-0.0085471763317826379,
		-0.47754160091255143,
		0.0,
		0.014888906719223034,
		-0.99886382193327894,
		0.045270141258329982,
		0.0,
		-0.47738596049954729,
		-0.046882950094851009,
		-0.87744209706870602,
		0.0,
		-0.090138547876628783,
		0.12458919993488506,
		0.17175623286213515,
		1.0
	],
	"intrinsic" : 
	{
		"height" : 1080,
		"intrinsic_matrix" : 
		[
			935.30743608719376,
			0.0,
			0.0,
			0.0,
			935.30743608719376,
			0.0,
			959.5,
			539.5,
			1.0
		],
		"width" : 1920
	},
	"version_major" : 1,
	"version_minor" : 0
}